acronym,anatomical_group,n_pids,n_sessions,n_sessions_ge5,n_units,amplitude_hz,latency_ms,latency_gated_ms,trial_ci_low_ms,trial_ci_high_ms,trial_bootstrap_valid,p_value,passes_coverage,q_value,significant,latency_ci_low_ms,latency_ci_high_ms,bootstrap_valid
FL,Cerebellum,4,4,3,39,2.535273204312241,14.0,,,,0,0.978021978021978,True,0.9828162034044386,False,14.0,70.0,1000
ANcr1,Cerebellum,10,10,10,421,4.604554504324652,90.0,136.0,,,0,0.011988011988011988,True,0.039008610437181866,False,64.0,122.0,1000
DEC,Cerebellum,7,7,7,190,1.251408032160942,94.0,,,,0,0.5564435564435565,True,0.6576851719708862,False,4.0,142.00000000000003,1000
NOD,Cerebellum,9,9,7,165,6.810615289631965,110.0,110.0,,,0,0.000999000999000999,True,0.005688755688755689,True,90.0,132.0,1000
PRM,Cerebellum,18,15,13,382,8.44012896638214,110.0,110.0,,,0,0.061938061938061936,True,0.12448335977747742,False,32.0,130.0,1000
COPY,Cerebellum,15,13,11,284,2.967841296258954,114.0,,,,0,0.43456543456543456,True,0.5515649994177602,False,53.950000000000045,140.0,1000
FN,Cerebellum,5,5,1,46,17.01632753844283,114.0,136.0,,,0,0.01098901098901099,False,,False,42.0,138.0,1000
IP,Cerebellum,30,28,25,619,7.612094543958559,114.0,114.0,,,0,0.028971028971028972,True,0.07614180691103768,False,92.0,130.0,1000
PFL,Cerebellum,6,6,5,133,3.0463038287375706,114.0,,,,0,0.6103896103896104,True,0.6951659451659451,False,70.0,138.0,1000
VeCB,Cerebellum,6,6,4,70,16.77708566534102,116.0,116.0,,,0,0.000999000999000999,True,0.005688755688755689,True,90.0,128.0,1000
SIM,Cerebellum,21,21,19,893,4.902395129838486,118.00000000000001,118.00000000000001,,,0,0.055944055944055944,True,0.11823228318073678,False,110.0,126.0,1000
UVU,Cerebellum,9,8,7,245,3.251721170799198,118.00000000000001,,,,0,0.03496503496503497,True,0.0814526382708201,False,12.0,120.0,1000
DN,Cerebellum,9,9,6,197,9.993472702753984,120.0,120.0,,,0,0.000999000999000999,True,0.005688755688755689,True,116.0,128.0,1000
LING,Cerebellum,5,5,3,45,5.2623328738222686,120.0,,,,0,0.11188811188811189,True,0.19773330118157703,False,4.0,120.0,1000
ANcr2,Cerebellum,17,15,11,519,4.196604341538385,122.0,,,,0,0.02197802197802198,True,0.06257631257631258,False,104.00000000000001,134.0,1000
FOTU,Cerebellum,6,6,5,100,4.067963994972289,122.0,146.0,,,0,0.03296703296703297,True,0.07950872656755009,False,22.0,130.0,1000
CUL4 5,Cerebellum,34,32,25,1207,4.271333053135401,124.0,,,,0,0.12087912087912088,True,0.21179675025828873,False,118.00000000000001,138.0,1000
PYR,Cerebellum,7,6,6,207,3.1267610376695854,128.0,,,,0,0.16183816183816183,True,0.2654145854145854,False,29.600000000000364,128.0,1000
CENT3,Cerebellum,28,27,18,663,8.835406177666663,130.0,146.0,,,0,0.001998001998001998,True,0.010502318194625887,False,124.0,134.0,1000
CENT2,Cerebellum,16,14,11,613,5.156684276561507,134.0,,,,0,0.34665334665334663,True,0.4614541302852991,False,126.0,138.0,1000
LSv,Cerebral nuclei,15,15,12,164,1.947987735903339,10.0,,,,0,0.8031968031968032,True,0.8666070771333929,False,4.0,84.0,1000
MA,Cerebral nuclei,6,6,3,48,2.6813202251022767,22.0,22.0,,,0,0.016983016983016984,True,0.049735978307406885,False,20.0,64.0,1000
OT,Cerebral nuclei,12,12,5,79,1.4485133225727456,32.0,,,,0,0.3356643356643357,True,0.4510848628495687,False,4.0,120.0,1000
MS,Cerebral nuclei,5,5,4,106,3.06168520820518,36.00000000000001,36.00000000000001,,,0,0.005994005994005994,True,0.0219423433709148,False,4.0,114.0,1000
SI,Cerebral nuclei,27,27,19,256,1.5103187571524495,44.0,86.0,,,0,0.003996003996003996,True,0.017066267066267068,False,4.0,110.0,1000
MEA,Cerebral nuclei,12,12,9,184,1.1660029482168832,54.0,,,,0,0.4385614385614386,True,0.5515649994177602,False,4.0,112.0,1000
SH,Cerebral nuclei,2,2,0,4,2.236330701951636,70.0,,,,0,0.17382617382617382,False,,False,70.0,140.0,1000
IA,Cerebral nuclei,2,2,2,18,2.872069690213185,80.0,,,,0,0.014985014985014986,False,,False,54.0,80.0,1000
LSr,Cerebral nuclei,29,29,27,1156,0.79462221402152,98.0,98.0,,,0,0.01098901098901099,True,0.03693028283192218,False,32.0,132.0,1000
CEA,Cerebral nuclei,13,13,11,159,4.023126267313485,108.0,136.0,,,0,0.002997002997002997,True,0.01396330941785487,False,4.0,120.0,1000
CP,Cerebral nuclei,76,71,64,2892,3.4420387848795384,118.00000000000001,118.00000000000001,116.0,122.0,300,0.000999000999000999,True,0.005688755688755689,True,106.0,124.0,1000
GPi,Cerebral nuclei,5,5,3,45,6.985503821516588,122.0,,,,0,0.013986013986013986,True,0.04279302786765473,False,72.00000000000001,136.0,1000
FS,Cerebral nuclei,4,4,3,32,2.6880697784614127,124.0,,,,0,0.5054945054945055,True,0.6168236525379382,False,32.0,126.0,1000
GPe,Cerebral nuclei,13,13,11,322,6.542902523352985,124.0,124.0,,,0,0.000999000999000999,True,0.005688755688755689,True,114.0,136.0,1000
SF,Cerebral nuclei,10,10,7,115,1.1702612760299789,124.0,,,,0,0.37962037962037964,True,0.49254542925429,False,4.0,140.0,1000
ACB,Cerebral nuclei,23,23,19,340,1.4027840044318052,128.0,,30.0,140.0,300,0.4225774225774226,True,0.5414273226773226,False,28.0,140.0,1000
BST,Cerebral nuclei,15,15,14,207,2.240856909101614,130.0,,,,0,0.04195804195804196,True,0.09452086375163299,False,4.0,132.0,1000
AAA,Cerebral nuclei,3,3,2,25,6.629229854858867,134.0,134.0,,,0,0.000999000999000999,True,0.005688755688755689,True,20.0,136.0,1000
NDB,Cerebral nuclei,5,5,2,50,5.8321895418284235,134.0,146.0,,,0,0.000999000999000999,True,0.005688755688755689,True,4.0,134.0,1000
LSc,Cerebral nuclei,11,11,8,111,0.8641250400229021,138.0,,,,0,0.28471528471528473,True,0.40252850597678186,False,4.0,142.00000000000003,1000
TRS,Cerebral nuclei,7,7,6,73,1.231173263743158,140.0,,,,0,0.5494505494505495,True,0.654868387426527,False,22.0,140.0,1000
BMA,Cortical subplate,13,13,11,175,0.543356061255253,12.0,,,,0,0.8251748251748252,True,0.8764810319214466,False,10.0,34.0,1000
PA,Cortical subplate,12,12,7,113,0.732120041642889,16.0,,,,0,0.8551448551448552,True,0.9036324500242027,False,4.0,36.04999999999996,1000
EPv,Cortical subplate,12,12,8,124,0.6156321022844806,34.0,,,,0,0.6473526473526473,True,0.7251764628813809,False,4.0,106.0,1000
LA,Cortical subplate,8,8,6,63,1.34345681617735,66.0,,,,0,0.24675324675324675,True,0.36391665888068764,False,4.0,72.00000000000001,1000
BLA,Cortical subplate,13,13,10,150,0.9972801400047628,90.0,,,,0,0.5884115884115884,True,0.6773115153003421,False,4.0,122.0,1000
CLA,Cortical subplate,4,4,3,49,2.9949402157454976,114.0,,,,0,0.945054945054945,True,0.9735490640013253,False,84.0,138.0,1000
EPd,Cortical subplate,12,12,8,199,0.8238074833066422,122.0,,,,0,0.07992007992007992,True,0.14894196712378532,False,4.0,132.0,1000
x,Hindbrain,4,4,4,45,2.519077779632976,4.0,,,,0,0.5604395604395604,True,0.6576851719708862,False,4.0,138.0,1000
DTN,Hindbrain,2,2,1,21,2.9239143218744013,12.0,,,,0,0.5164835164835165,False,,False,12.0,128.0,1000
CU,Hindbrain,4,3,3,24,1.7966743394214468,14.0,,,,0,0.6473526473526473,True,0.7251764628813809,False,12.0,22.0,1000
PC5,Hindbrain,4,4,3,35,3.2127246793818824,14.0,,,,0,0.23176823176823177,True,0.3468064781933395,False,12.0,132.0,1000
GR,Hindbrain,1,1,1,9,3.6395569046712457,18.000000000000004,,,,0,0.5114885114885115,False,,False,,,0
ICB,Hindbrain,8,8,4,65,1.8390800716011588,24.0,,,,0,0.5324675324675324,True,0.6383382699172172,False,14.0,130.0,1000
Pa5,Hindbrain,1,1,0,4,4.617920310711796,24.0,,,,0,0.8221778221778222,False,,False,,,0
y,Hindbrain,1,1,1,6,6.950242585061227,32.0,,,,0,0.36363636363636365,False,,False,,,0
AP,Hindbrain,1,1,0,3,5.423620333616574,34.0,,,,0,0.6683316683316683,False,,False,,,0
PRP,Hindbrain,5,5,3,70,5.546755793858759,74.0,74.0,,,0,0.007992007992007992,True,0.028247614454511006,False,70.0,88.0,1000
DMX,Hindbrain,1,1,0,2,3.2542648116829653,82.0,,,,0,0.5084915084915085,False,,False,,,0
P5,Hindbrain,5,5,3,46,1.653154643956422,84.0,,,,0,0.8621378621378621,True,0.906350060196214,False,29.35000000000059,120.0,1000
LDT,Hindbrain,2,2,2,51,2.9837001808793233,92.0,92.0,,,0,0.015984015984015984,True,0.047488743140917056,False,90.0,120.0,1000
SUT,Hindbrain,12,12,7,103,5.225390154795832,92.0,92.0,,,0,0.025974025974025976,True,0.070995670995671,False,22.0,140.0,1000
I5,Hindbrain,4,4,2,42,3.464782129522643,94.0,,,,0,0.22077922077922077,True,0.3377592556697034,False,20.0,94.0,1000
IO,Hindbrain,1,1,0,2,9.381888537174357,94.0,94.0,,,0,0.33766233766233766,False,,False,,,0
LRN,Hindbrain,5,5,2,31,3.336127935671485,96.0,,,,0,0.6593406593406593,True,0.7345914954610606,False,14.0,132.0,1000
NI,Hindbrain,5,5,1,24,2.7527036999834746,96.0,,,,0,0.3196803196803197,False,,False,10.0,102.00000000000001,1000
PRNc,Hindbrain,11,11,9,280,11.181414784360042,100.0,146.0,96.0,104.10000000000004,300,0.012987012987012988,True,0.041599025974025976,False,84.0,120.0,1000
PCG,Hindbrain,7,7,6,82,3.5133230115602956,102.00000000000001,,,,0,0.1028971028971029,True,0.1866717353443017,False,22.0,104.00000000000001,1000
PG,Hindbrain,3,3,1,9,6.989422498580863,102.00000000000001,,,,0,0.8071928071928072,False,,False,44.0,118.00000000000001,1000
NLL,Hindbrain,8,8,6,184,1.8151672902766753,104.00000000000001,,,,0,0.015984015984015984,True,0.047488743140917056,False,20.0,108.0,1000
V,Hindbrain,9,9,8,166,11.057753750421458,104.00000000000001,136.0,,,0,0.001998001998001998,True,0.010502318194625887,False,102.00000000000001,138.0,1000
TRN,Hindbrain,10,10,9,193,10.764461353099348,106.0,106.0,,,0,0.000999000999000999,True,0.005688755688755689,True,62.0,128.0,1000
PRNr,Hindbrain,26,26,20,770,6.23551943957167,108.0,108.0,106.0,114.0,300,0.000999000999000999,True,0.005688755688755689,True,102.00000000000001,114.0,1000
SOC,Hindbrain,8,8,4,35,17.40012372596083,108.0,136.0,,,0,0.002997002997002997,True,0.01396330941785487,False,40.0,128.0,1000
CS,Hindbrain,10,10,10,391,2.884217694955064,110.0,110.0,,,0,0.005994005994005994,True,0.0219423433709148,False,76.0,122.0,1000
DCO,Hindbrain,13,13,12,312,3.447351058374524,110.0,,,,0,0.26073926073926074,True,0.37641935529259474,False,104.00000000000001,128.0,1000
GRN,Hindbrain,17,17,14,560,13.706352955515916,110.0,110.0,106.0,112.0,300,0.000999000999000999,True,0.005688755688755689,True,98.0,120.0,1000
ISN,Hindbrain,1,1,0,4,16.963210757134995,110.0,,,,0,0.07592407592407592,False,,False,,,0
PGRN,Hindbrain,12,12,7,120,8.735343432307719,112.0,,,,0,0.06293706293706294,True,0.125263086428135,False,96.0,124.0,1000
ECU,Hindbrain,4,4,3,21,3.835990820922068,114.0,,,,0,0.974025974025974,True,0.9828162034044386,False,34.0,132.0,1000
RO,Hindbrain,1,1,0,1,2.1302237383919995,114.0,,,,0,0.9100899100899101,False,,False,,,0
MARN,Hindbrain,4,4,3,83,5.388506058949041,118.00000000000001,,,,0,0.2787212787212787,True,0.39679070929070925,False,118.00000000000001,128.0999999999999,1000
VCO,Hindbrain,5,5,4,141,4.0114258992138545,118.00000000000001,118.00000000000001,,,0,0.004995004995004995,True,0.020077961254431845,False,62.0,120.0,1000
AMB,Hindbrain,2,2,1,8,5.149925696470638,120.0,,,,0,0.14585414585414586,False,,False,42.0,122.0,1000
IRN,Hindbrain,31,31,27,744,8.837107284941812,120.0,136.0,117.9,122.0,300,0.000999000999000999,True,0.005688755688755689,True,116.0,124.0,1000
SPVI,Hindbrain,15,15,13,321,2.706523695522406,120.0,,,,0,0.054945054945054944,True,0.11733058608058607,False,82.0,124.0,1000
SPVO,Hindbrain,8,8,8,129,5.188268738554086,122.0,,,,0,0.013986013986013986,True,0.04279302786765473,False,120.0,140.0,1000
SUV,Hindbrain,13,13,13,277,12.337419833122798,122.0,122.0,,,0,0.005994005994005994,True,0.0219423433709148,False,116.0,126.0,1000
VII,Hindbrain,6,6,6,63,11.939411569620736,122.0,136.0,,,0,0.000999000999000999,True,0.005688755688755689,True,116.0,136.0,1000
MDRN,Hindbrain,8,7,6,180,3.5771845105837095,124.0,124.0,,,0,0.001998001998001998,True,0.010502318194625887,False,84.0,128.0,1000
MV,Hindbrain,22,22,20,672,4.895202421515641,124.0,,,,0,0.04695304695304695,True,0.1023976023976024,False,122.0,130.0,1000
LAV,Hindbrain,11,11,9,169,6.09108025143964,126.0,,,,0,0.08591408591408592,True,0.15867015867015868,False,97.90000000000009,134.0,1000
NTS,Hindbrain,20,20,12,124,4.03419897426914,128.0,,,,0,0.057942057942057944,True,0.11878121878121878,False,106.0,136.0,1000
PAS,Hindbrain,1,1,0,1,1.302083368937174,128.0,,,,0,0.3356643356643357,False,,False,,,0
PSV,Hindbrain,8,7,5,115,5.877869600330034,128.0,,,,0,0.061938061938061936,True,0.12448335977747742,False,98.3500000000015,132.0,1000
SPIV,Hindbrain,18,17,15,327,6.235902339318938,128.0,128.0,,,0,0.000999000999000999,True,0.005688755688755689,True,125.95000000000005,134.0,1000
PDTg,Hindbrain,2,2,1,12,8.543468615304256,130.0,130.0,,,0,0.000999000999000999,False,,False,10.0,130.0,1000
XII,Hindbrain,2,2,1,12,2.134446830616489,132.0,,,,0,0.8331668331668332,False,,False,4.0,132.0,1000
PARN,Hindbrain,21,21,16,423,4.188350286262342,136.0,,122.0,138.0,300,0.18181818181818182,True,0.28893587033121915,False,108.0,138.0,1000
LIN,Hindbrain,1,1,1,11,4.908727135700261,140.0,,,,0,0.1888111888111888,False,,False,,,0
PB,Hindbrain,28,27,19,306,2.454373467369703,140.0,,,,0,0.24975024975024976,True,0.36570572284858,False,22.0,140.0,1000
SPVC,Hindbrain,5,5,3,42,2.5854961381122328,142.00000000000003,,,,0,0.4565434565434565,True,0.5638036662133047,False,54.0,142.00000000000003,1000
HATA,Hippocampal formation,6,6,5,59,2.5872454509973526,4.0,,,,0,0.9110889110889111,True,0.943299125117307,False,4.0,86.0,1000
IG,Hippocampal formation,3,3,0,9,2.259117194209294,12.0,,,,0,0.5604395604395604,False,,False,4.0,72.00000000000001,1000
ProS,Hippocampal formation,22,22,17,378,1.493184801548598,32.0,,,,0,0.5174825174825175,True,0.6240230357877418,False,20.0,124.0,1000
PRE,Hippocampal formation,7,7,4,115,2.9842280037692723,100.0,,,,0,0.06393606393606394,True,0.12602781833551063,False,96.0,138.0,1000
CA3,Hippocampal formation,79,75,47,950,1.8448070669812897,108.0,124.0,,,0,0.1028971028971029,True,0.1866717353443017,False,46.0,124.0,1000
PAR,Hippocampal formation,9,9,7,117,6.172516787010606,108.0,,,,0,0.26973026973026976,True,0.38667626080213496,False,64.0,114.0,1000
APr,Hippocampal formation,5,5,2,16,3.958589547929386,110.0,,,,0,0.5734265734265734,False,,False,4.0,114.04999999999995,1000
ENTl,Hippocampal formation,20,19,16,585,1.1333518601341601,110.0,110.0,,,0,0.15984015984015984,True,0.2654145854145854,False,6.0,116.0,1000
CA2,Hippocampal formation,18,18,2,39,2.9489475792253774,114.0,,,,0,0.8221778221778222,True,0.8764810319214466,False,40.0,130.0,1000
SUB,Hippocampal formation,37,34,26,914,1.1686955552504736,122.0,122.0,,,0,0.06693306693306693,True,0.12944602567244076,False,42.0,136.0,1000
POST,Hippocampal formation,19,18,15,233,4.715797797014453,124.0,146.0,,,0,0.03896103896103896,True,0.0897417189552021,False,98.0,138.0,1000
ENTm,Hippocampal formation,16,15,12,639,1.7038066398293288,126.0,,,,0,0.1958041958041958,True,0.30180345969819655,False,18.000000000000004,130.0,1000
DG,Hippocampal formation,134,118,68,1137,1.2581706031502398,128.0,,,,0,0.029970029970029972,True,0.0767982017982018,False,112.0,138.0,1000
FC,Hippocampal formation,4,4,2,23,4.402992188208188,130.0,,,,0,0.14885114885114886,True,0.2542873792873793,False,112.0,140.0,1000
CA1,Hippocampal formation,154,133,94,1807,1.3405702491977252,132.0,132.0,,,0,0.000999000999000999,True,0.005688755688755689,True,73.95000000000005,140.0,1000
AHN,Hypothalamus,3,3,1,10,3.1976814789906784,4.0,,,,0,0.6573426573426573,False,,False,4.0,122.0,1000
MM,Hypothalamus,1,1,1,5,8.46957478254679,12.0,,,,0,0.04295704295704296,False,,False,,,0
MPN,Hypothalamus,1,1,0,2,2.2717460048260367,14.0,,,,0,0.5054945054945055,False,,False,,,0
MEPO,Hypothalamus,1,1,1,5,4.005958814844961,18.000000000000004,,,,0,0.08391608391608392,False,,False,,,0
ADP,Hypothalamus,1,1,1,5,3.396451125106343,20.0,,,,0,0.9690309690309691,False,,False,,,0
MPO,Hypothalamus,4,4,3,40,2.2212388089716413,22.0,22.0,,,0,0.02097902097902098,True,0.0605732295873141,False,16.0,22.0,1000
AVP,Hypothalamus,3,3,1,15,2.5437205612908045,24.0,,,,0,0.8141858141858141,False,,False,4.0,112.0,1000
DMH,Hypothalamus,2,2,1,16,2.2696550222565954,40.0,,,,0,0.25274725274725274,False,,False,40.0,94.0,1000
PH,Hypothalamus,7,7,3,24,1.9709698781339626,40.0,,,,0,0.5684315684315684,True,0.6620935882299518,False,4.0,106.0,1000
PMd,Hypothalamus,1,1,0,2,4.43829897559027,50.0,,,,0,0.6063936063936064,False,,False,,,0
TU,Hypothalamus,1,1,1,8,2.6891261531687354,50.0,,,,0,0.43756243756243757,False,,False,,,0
PVHd,Hypothalamus,2,2,0,6,6.217101660331343,52.00000000000001,,,,0,0.08491508491508491,False,,False,10.0,52.00000000000001,1000
PS,Hypothalamus,2,2,2,35,2.0808095827740343,64.0,,,,0,0.3006993006993007,True,0.4165091665091665,False,62.0,122.0,1000
VMH,Hypothalamus,1,1,0,2,3.6886346035804647,64.0,,,,0,0.3336663336663337,False,,False,,,0
PeF,Hypothalamus,3,3,2,28,4.244326575275367,68.0,84.0,,,0,0.03996003996003996,True,0.09102009102009102,False,22.0,68.0,1000
PVH,Hypothalamus,2,2,0,5,3.743057167918505,70.0,,,,0,0.6443556443556444,False,,False,44.0,70.0,1000
LHA,Hypothalamus,14,14,12,166,1.5845758996129131,84.0,124.0,,,0,0.030969030969030968,True,0.07742257742257741,False,80.0,114.0,1000
SUM,Hypothalamus,4,4,1,10,10.308257693427873,102.00000000000001,,,,0,0.04395604395604396,False,,False,4.0,104.00000000000001,1000
PSTN,Hypothalamus,2,2,1,8,5.425508182204657,110.0,132.0,,,0,0.059940059940059943,False,,False,32.0,112.0,1000
ZI,Hypothalamus,44,44,30,352,4.431982752106152,114.0,114.0,,,0,0.000999000999000999,True,0.005688755688755689,True,82.0,136.0,1000
STN,Hypothalamus,3,3,0,6,22.799540732537295,118.00000000000001,118.00000000000001,,,0,0.000999000999000999,False,,False,44.0,124.0,1000
LPO,Hypothalamus,3,3,2,89,5.260434881724216,128.0,128.0,,,0,0.003996003996003996,True,0.017066267066267068,False,4.0,136.0,1000
LM,Hypothalamus,1,1,1,8,3.718655898387942,140.0,,,,0,0.44755244755244755,False,,False,,,0
PERI,Isocortex,5,5,1,36,0.8908763398569941,4.0,,,,0,0.6443556443556444,False,,False,4.0,40.0,1000
VISpl,Isocortex,6,6,3,95,0.8663821002057366,12.0,,,,0,0.955044955044955,True,0.9789210789210788,False,4.0,118.00000000000001,1000
VISC,Isocortex,5,5,2,61,0.9255120421788567,14.0,,,,0,0.33666333666333664,True,0.4510848628495687,False,4.0,142.00000000000003,1000
AUDp,Isocortex,7,7,6,167,1.1158147490185213,22.0,,,,0,0.25874125874125875,True,0.37618409958835497,False,18.000000000000004,140.0,1000
AUDpo,Isocortex,6,6,4,46,1.7210903586802078,32.0,,,,0,0.5814185814185814,True,0.6733944022079614,False,28.0,102.00000000000001,1000
SSp-m,Isocortex,11,11,10,354,0.7195007418591088,48.0,,,,0,0.991008991008991,True,0.9910089910089909,False,34.0,142.00000000000003,1000
VISl,Isocortex,11,11,8,151,2.5180972010330684,48.0,48.0,42.0,52.00000000000001,300,0.004995004995004995,True,0.020077961254431845,False,46.0,130.0,1000
VISp,Isocortex,51,47,35,880,2.987100887907539,50.0,50.0,48.0,52.10000000000003,300,0.000999000999000999,True,0.005688755688755689,True,48.0,56.049999999999955,1000
GU,Isocortex,4,4,3,69,1.6978131497173172,54.0,,,,0,0.7612387612387612,True,0.8300741811380109,False,52.00000000000001,142.00000000000003,1000
VISli,Isocortex,8,7,5,83,1.881610847934718,54.0,54.0,,,0,0.000999000999000999,True,0.005688755688755689,True,4.0,94.0,1000
SSp-n,Isocortex,7,7,3,72,1.2599489461314177,62.0,,,,0,0.6473526473526473,True,0.7251764628813809,False,22.0,122.0,1000
VISam,Isocortex,23,22,18,374,2.455667160467146,62.0,62.0,60.0,70.0,300,0.000999000999000999,True,0.005688755688755689,True,56.0,76.04999999999995,1000
VISpm,Isocortex,12,11,10,241,3.1343568813431792,64.0,64.0,62.0,80.0,300,0.000999000999000999,True,0.005688755688755689,True,62.0,82.0,1000
VISal,Isocortex,4,4,4,95,3.4470172444950924,66.0,,50.0,70.0,300,0.027972027972027972,True,0.07545086492454914,False,54.0,118.00000000000001,1000
VISpor,Isocortex,7,5,3,99,1.3286607427637107,70.0,70.0,,,0,0.16883116883116883,True,0.274685631828489,False,70.0,130.0,1000
VISa,Isocortex,47,41,33,940,1.1873121334279415,76.0,,,,0,0.22277722277722278,True,0.3382913382913383,False,52.00000000000001,116.0,1000
ECT,Isocortex,8,8,6,85,0.8931305571637023,80.0,,,,0,0.15284715284715283,True,0.2589559201129449,False,12.0,82.0,1000
TEa,Isocortex,10,10,7,166,0.8279072623197827,84.0,128.0,,,0,0.011988011988011988,True,0.039008610437181866,False,34.0,112.0,1000
RSPv,Isocortex,33,31,23,528,1.9244538045278672,92.0,114.0,,,0,0.07392607392607392,True,0.1416340668677117,False,40.0,120.0,1000
ACAd,Isocortex,24,23,21,369,2.5329062851947333,102.00000000000001,114.0,98.0,112.10000000000002,300,0.000999000999000999,True,0.005688755688755689,True,96.0,120.0,1000
ACAv,Isocortex,15,15,11,195,0.9949519849937458,102.00000000000001,,,,0,0.43656343656343655,True,0.5515649994177602,False,18.000000000000004,130.0,1000
AId,Isocortex,10,10,8,188,1.3131102834624315,102.00000000000001,,,,0,0.5914085914085914,True,0.6773115153003421,False,12.0,108.0,1000
AUDv,Isocortex,9,9,6,253,1.9101253455816924,102.00000000000001,136.0,90.0,140.0,300,0.01098901098901099,True,0.03693028283192218,False,14.0,140.0,1000
ORBm,Isocortex,9,8,8,313,1.6619481831426408,106.0,106.0,,,0,0.14885114885114886,True,0.2542873792873793,False,32.0,126.0,1000
ORBvl,Isocortex,9,9,8,669,3.9408135242579236,106.0,106.0,,,0,0.000999000999000999,True,0.005688755688755689,True,33.950000000000045,120.0,1000
RSPd,Isocortex,29,28,21,318,1.0898986787857203,110.0,,,,0,0.4885114885114885,True,0.5996697912865577,False,14.0,138.0,1000
SSp-ul,Isocortex,13,13,8,196,6.657959688762971,112.0,,,,0,0.11188811188811189,True,0.19773330118157703,False,110.0,132.04999999999995,1000
SSp-ll,Isocortex,9,9,6,130,3.128103791830873,114.0,136.0,,,0,0.12387612387612387,True,0.21520852029326604,False,110.0,132.0,1000
SSp-tr,Isocortex,14,14,10,303,1.2809996279776046,114.0,,,,0,0.5174825174825175,True,0.6240230357877418,False,100.0,136.0,1000
VISrl,Isocortex,7,7,3,75,1.6959350699309925,114.0,,,,0,0.32967032967032966,True,0.4475656793537588,False,14.0,122.0,1000
FRP,Isocortex,11,11,7,88,9.156370224215383,118.00000000000001,118.00000000000001,,,0,0.000999000999000999,True,0.005688755688755689,True,116.0,138.0,1000
PL,Isocortex,20,18,14,420,3.1774748052790347,118.00000000000001,136.0,,,0,0.002997002997002997,True,0.01396330941785487,False,98.0,130.0,1000
SSp-bfd,Isocortex,30,30,22,488,1.1518759375886765,118.00000000000001,,,,0,0.23076923076923078,True,0.3468064781933395,False,54.0,136.0,1000
RSPagl,Isocortex,26,24,17,310,1.598706112202752,120.0,,,,0,0.07592407592407592,True,0.14411514411514412,False,70.0,138.0,1000
AIv,Isocortex,6,6,6,149,1.0079797177299563,122.0,,,,0,0.7892107892107892,True,0.8560222845937131,False,26.000000000000004,122.0,1000
SSs,Isocortex,15,15,10,439,1.9795459636838482,122.0,122.0,,,0,0.03296703296703297,True,0.07950872656755009,False,102.00000000000001,132.0,1000
MOs,Isocortex,49,45,36,1293,4.434066602055901,124.0,124.0,120.0,128.0,300,0.000999000999000999,True,0.005688755688755689,True,118.00000000000001,130.0,1000
AUDd,Isocortex,7,7,6,133,5.679632777805693,128.0,146.0,,,0,0.013986013986013986,True,0.04279302786765473,False,26.000000000000004,132.0,1000
ORBl,Isocortex,8,8,7,199,3.4030627924211396,128.0,146.0,,,0,0.003996003996003996,True,0.017066267066267068,False,84.0,138.0,1000
MOp,Isocortex,36,33,30,1458,2.6286313329589794,130.0,,122.0,136.0,300,0.18181818181818182,True,0.28893587033121915,False,118.00000000000001,136.0,1000
SSp-un,Isocortex,5,5,4,67,1.9193390352094997,130.0,,,,0,0.35564435564435565,True,0.47036834133608324,False,42.0,132.0,1000
ILA,Isocortex,11,10,9,314,0.6345781229625247,136.0,,,,0,0.7612387612387612,True,0.8300741811380109,False,4.0,140.0,1000
AIp,Isocortex,6,6,5,93,3.2981069364410995,138.0,,,,0,0.024975024975024976,True,0.06918756918756919,False,32.0,140.0,1000
III,Midbrain,3,3,0,7,8.49061472488318,16.0,36.00000000000001,,,0,0.02197802197802198,False,,False,14.0,92.0,1000
DR,Midbrain,2,2,2,42,2.7676638540435303,44.0,,,,0,0.16183816183816183,True,0.2654145854145854,False,12.0,48.0,1000
PBG,Midbrain,3,3,2,14,11.716496550630193,44.0,44.0,,,0,0.03596403596403597,False,,False,30.0,120.0,1000
SCs,Midbrain,24,22,14,185,1.8561389063711111,44.0,44.0,24.0,62.0,300,0.003996003996003996,True,0.017066267066267068,False,24.0,124.0,1000
NOT,Midbrain,21,20,9,92,6.462915296960579,46.0,46.0,44.0,48.0,300,0.000999000999000999,True,0.005688755688755689,True,20.0,52.00000000000001,1000
OP,Midbrain,5,5,5,39,8.153922794418996,50.0,50.0,34.0,54.30000000000007,300,0.005994005994005994,True,0.0219423433709148,False,36.00000000000001,62.0,1000
PPT,Midbrain,12,12,6,70,5.790304731505114,50.0,,,,0,0.23776223776223776,True,0.35319752711057056,False,38.0,112.0,1000
SAG,Midbrain,4,4,3,51,4.865878994203082,50.0,50.0,,,0,0.002997002997002997,True,0.01396330941785487,False,48.0,54.0,1000
NB,Midbrain,4,4,2,23,7.391691213930212,52.00000000000001,52.00000000000001,,,0,0.023976023976023976,True,0.06732993034362897,False,34.0,52.00000000000001,1000
AT,Midbrain,2,2,1,23,4.58283445194497,62.0,90.0,,,0,0.027972027972027972,False,,False,10.0,62.0,1000
SNc,Midbrain,7,7,2,36,6.354288563594749,62.0,84.0,,,0,0.03396603396603397,True,0.08003490762111452,False,56.0,88.0,1000
IPN,Midbrain,2,2,1,10,4.461305430291872,68.0,,,,0,0.2097902097902098,False,,False,12.0,68.0,1000
IC,Midbrain,23,23,18,458,2.4048259454947605,98.0,,,,0,0.07892107892107893,True,0.14842955209927688,False,24.0,128.0,1000
PAG,Midbrain,50,47,38,733,2.740601668822335,102.00000000000001,102.00000000000001,,,0,0.000999000999000999,True,0.005688755688755689,True,38.0,110.0,1000
RN,Midbrain,22,22,18,429,7.91112483831332,106.0,,104.00000000000001,114.10000000000002,300,0.1878121878121878,True,0.29616537308845003,False,100.0,118.00000000000001,1000
MRN,Midbrain,128,110,99,2678,8.339588390663248,108.0,108.0,106.0,110.0,300,0.000999000999000999,True,0.005688755688755689,True,94.0,116.0,1000
RR,Midbrain,6,6,5,60,2.667324596474012,110.0,110.0,,,0,0.00999000999000999,True,0.034711051660204204,False,52.00000000000001,112.0,1000
CLI,Midbrain,6,6,6,89,1.8500299727396454,112.0,,,,0,0.8871128871128872,True,0.9278476625415402,False,42.0,136.0,1000
SCm,Midbrain,72,62,54,1666,6.597514286745147,112.0,112.0,110.0,116.0,300,0.000999000999000999,True,0.005688755688755689,True,96.0,120.0,1000
SNr,Midbrain,19,19,10,149,13.190895711870187,112.0,112.0,,,0,0.000999000999000999,True,0.005688755688755689,True,106.0,126.0,1000
Pa4,Midbrain,1,1,0,3,10.553344607125164,116.0,,,,0,0.23276723276723277,False,,False,,,0
APN,Midbrain,61,51,48,1543,4.648252749741072,118.00000000000001,118.00000000000001,114.0,124.0,300,0.000999000999000999,True,0.005688755688755689,True,104.00000000000001,124.0,1000
NPC,Midbrain,12,12,5,71,7.159619150558562,118.00000000000001,,,,0,0.029970029970029972,True,0.0767982017982018,False,90.0,118.00000000000001,1000
VTN,Midbrain,2,2,1,11,6.2197904267280135,122.0,,,,0,0.2517482517482518,False,,False,22.0,124.0,1000
DT,Midbrain,2,2,1,9,3.640973373324092,124.0,,,,0,0.25274725274725274,False,,False,10.0,124.0,1000
PPN,Midbrain,19,19,14,369,4.52591561816188,128.0,128.0,,,0,0.000999000999000999,True,0.005688755688755689,True,112.0,132.0,1000
RPF,Midbrain,4,4,4,42,8.298702110375606,128.0,,,,0,0.03196803196803197,True,0.07895718739092233,False,72.00000000000001,132.0,1000
VTA,Midbrain,7,7,0,17,6.594670410863201,128.0,,,,0,0.0999000999000999,False,,False,24.0,136.0,1000
IF,Midbrain,1,1,1,18,12.455185447485842,130.0,,,,0,0.01998001998001998,False,,False,,,0
CUN,Midbrain,10,10,8,100,5.285449991066981,136.0,136.0,,,0,0.005994005994005994,True,0.0219423433709148,False,10.0,138.0,1000
RL,Midbrain,1,1,1,12,4.337856985358534,138.0,,,,0,0.07292707292707293,False,,False,,,0
MOB,Olfactory areas,3,3,3,140,1.0561120043682655,12.0,,,,0,0.4045954045954046,True,0.5216481631575971,False,12.0,122.0,1000
PIR,Olfactory areas,29,29,24,614,0.3793828604238185,14.0,,,,0,0.5614385614385614,True,0.6576851719708862,False,4.0,122.0,1000
PAA,Olfactory areas,4,4,3,82,0.672142565768683,20.0,,,,0,0.28771228771228774,True,0.40397958206177387,False,4.0,22.0,1000
TR,Olfactory areas,5,5,3,37,0.8687423304210031,34.0,,,,0,0.977022977022977,True,0.9828162034044386,False,4.0,92.0,1000
DP,Olfactory areas,15,14,13,318,0.3762196848355681,98.0,,,,0,0.974025974025974,True,0.9828162034044386,False,10.0,122.04999999999995,1000
TTd,Olfactory areas,12,12,10,270,0.7270644077400199,102.00000000000001,,,,0,0.19480519480519481,True,0.30180345969819655,False,22.0,102.00000000000001,1000
COAp,Olfactory areas,15,15,9,121,1.0201808353749842,118.00000000000001,,,,0,0.7242757242757243,True,0.8025758025758026,False,4.0,122.0,1000
AON,Olfactory areas,15,15,14,428,1.6817279325396592,120.0,,,,0,0.06593406593406594,True,0.12872841444270017,False,8.0,136.0,1000
COAa,Olfactory areas,2,2,1,17,1.6173829048430168,138.0,,,,0,0.7762237762237763,False,,False,62.0,138.0,1000
PR,Thalamus,5,5,3,28,1.2227358106445336,4.0,,,,0,0.8991008991008991,True,0.9356126107395143,False,4.0,120.0,1000
SPA,Thalamus,4,4,1,25,1.4328573884614455,4.0,,,,0,0.40559440559440557,False,,False,4.0,94.0,1000
PT,Thalamus,1,1,0,4,1.2344131248019354,8.0,,,,0,0.5804195804195804,False,,False,,,0
RE,Thalamus,3,3,1,8,3.8396081882636492,12.0,,,,0,0.6023976023976024,False,,False,4.0,14.0,1000
RH,Thalamus,2,2,0,6,3.164599540125357,22.0,36.00000000000001,,,0,0.8011988011988012,False,,False,22.0,24.0,1000
SubG,Thalamus,1,1,1,7,2.310198186593378,22.0,,,,0,0.9500499500499501,False,,False,,,0
POL,Thalamus,18,17,11,166,1.7615968779544486,24.0,,,,0,0.19080919080919082,True,0.2985945352357566,False,14.0,112.0,1000
LGd,Thalamus,24,24,22,557,3.361013812053266,36.00000000000001,36.00000000000001,34.0,38.0,300,0.000999000999000999,True,0.005688755688755689,True,32.0,128.0,1000
SGN,Thalamus,10,10,9,131,1.569541978907326,50.0,64.0,,,0,0.10589410589410589,True,0.19042361147624304,False,50.0,102.00000000000001,1000
LP,Thalamus,78,72,58,1812,1.5364454233722076,52.00000000000001,52.00000000000001,48.0,56.0,300,0.000999000999000999,True,0.005688755688755689,True,46.0,60.0,1000
PF,Thalamus,8,8,5,150,8.272957347400006,52.00000000000001,52.00000000000001,,,0,0.000999000999000999,True,0.005688755688755689,True,4.0,84.0,1000
IntG,Thalamus,1,1,1,6,8.778789701786211,54.0,54.0,,,0,0.02097902097902098,False,,False,,,0
LD,Thalamus,22,22,17,581,1.3912262505219757,54.0,64.0,,,0,0.37962037962037964,True,0.49254542925429,False,44.0,138.0,1000
LGv,Thalamus,8,8,6,143,1.6282858544637402,54.0,54.0,8.0,70.0,300,0.04895104895104895,True,0.10563121089436879,False,10.0,72.00000000000001,1000
PVT,Thalamus,8,8,5,84,0.7616892994795852,60.0,,,,0,0.37162837162837165,True,0.48835779605010377,False,34.0,92.0,1000
IGL,Thalamus,3,3,2,16,2.767346008954574,62.0,,,,0,0.5014985014985015,False,,False,20.0,70.0,1000
VPLpc,Thalamus,11,11,5,80,1.1744353695155123,64.0,,,,0,0.7582417582417582,True,0.8300741811380109,False,4.0,128.0,1000
PCN,Thalamus,10,10,7,84,1.1876795772178372,74.0,,,,0,0.44155844155844154,True,0.5519480519480519,False,30.0,138.0,1000
AD,Thalamus,3,3,2,15,5.197864202056312,82.0,82.0,,,0,0.06493506493506493,False,,False,32.0,114.0,1000
CL,Thalamus,9,9,2,38,7.038790064362532,82.0,96.0,,,0,0.000999000999000999,True,0.005688755688755689,True,78.0,138.0,1000
IMD,Thalamus,1,1,0,1,3.016538546498423,88.0,,,,0,0.7312687312687313,False,,False,,,0
AV,Thalamus,9,9,8,203,1.5270565561227571,98.0,114.0,,,0,0.028971028971028972,True,0.07614180691103768,False,14.0,110.0,1000
VM,Thalamus,15,15,10,118,4.634389054073221,98.0,98.0,,,0,0.000999000999000999,True,0.005688755688755689,True,50.0,138.0,1000
PP,Thalamus,4,4,1,13,8.564579872067336,102.00000000000001,,,,0,0.23976023976023977,False,,False,50.0,106.0,1000
CM,Thalamus,6,6,5,65,3.0058529736902617,104.00000000000001,,,,0,0.32867132867132864,True,0.4475656793537588,False,48.0,136.0,1000
LH,Thalamus,13,13,6,76,1.6464031091111684,112.0,,,,0,0.44455544455544455,True,0.5523264614173705,False,26.000000000000004,138.0,1000
SPF,Thalamus,18,18,5,70,3.353671355384659,112.0,,,,0,0.030969030969030968,True,0.07742257742257741,False,10.0,122.0,1000
MH,Thalamus,8,8,3,38,2.9304646309560685,114.0,,,,0,0.18181818181818182,True,0.28893587033121915,False,6.0,138.0,1000
AM,Thalamus,8,8,5,128,1.4727799733377518,120.0,,,,0,0.04295704295704296,True,0.09571949789341094,False,44.0,122.0,1000
VAL,Thalamus,10,10,9,295,4.073801118673771,120.0,,,,0,0.3086913086913087,True,0.42470951866925016,False,102.00000000000001,134.0,1000
VPL,Thalamus,24,23,16,436,3.9819365247248633,122.0,146.0,,,0,0.006993006993006993,True,0.025150288308183045,False,104.00000000000001,130.0,1000
SMT,Thalamus,6,6,4,140,7.150471164932259,124.0,,,,0,0.056943056943056944,True,0.11878121878121878,False,34.0,126.0,1000
VPMpc,Thalamus,10,10,6,67,2.7399622927683147,124.0,136.0,,,0,0.004995004995004995,True,0.020077961254431845,False,44.0,138.0,1000
RT,Thalamus,25,25,20,421,5.40445221221005,128.0,,,,0,0.03396603396603397,True,0.08003490762111452,False,80.0,136.0,1000
VPM,Thalamus,39,37,34,1310,2.0198416025633295,128.0,128.0,,,0,0.002997002997002997,True,0.01396330941785487,False,44.0,136.0,1000
MD,Thalamus,21,21,17,604,2.788743261338539,130.0,130.0,,,0,0.000999000999000999,True,0.005688755688755689,True,114.0,136.0,1000
Eth,Thalamus,20,20,15,366,1.9657917480148641,132.0,,,,0,0.057942057942057944,True,0.11878121878121878,False,60.0,138.0,1000
IAD,Thalamus,2,2,2,23,1.6207117766530699,132.0,,,,0,0.8111888111888111,True,0.8706476769303995,False,70.0,132.0,1000
MG,Thalamus,16,16,14,332,1.566914417614063,132.0,,,,0,0.15984015984015984,True,0.2654145854145854,False,44.0,138.0,1000
PO,Thalamus,52,50,44,2329,0.9563380881281152,136.0,,,,0,0.2977022977022977,True,0.4151630682242928,False,81.80000000000018,140.0,1000
PoT,Thalamus,19,19,13,228,2.4214014305251466,136.0,,,,0,0.04495504495504495,True,0.0990944539331636,False,38.0,140.0,1000
IAM,Thalamus,1,1,1,7,2.5557572242516757,138.0,,,,0,0.7012987012987013,False,,False,,,0
PIL,Thalamus,6,6,1,11,8.92918999455197,138.0,,,,0,0.09090909090909091,False,,False,84.0,142.00000000000003,1000
