acronym,n_pids,n_responsive_units,latency_ms,q25_ms,q75_ms,passes_coverage,anatomical_group
AUDp,7,87,45.0,30.0,80.0,True,Isocortex
AUDd,6,44,55.0,32.5,81.25,True,Isocortex
AUDv,7,96,55.0,27.5,95.0,True,Isocortex
AUDpo,5,8,59.99999999999999,45.0,105.0,True,Isocortex
SSp-m,10,113,60.0,55.0,72.50000000000001,True,Isocortex
VISl,8,46,70.0,58.75,111.25000000000001,True,Isocortex
TEa,8,65,72.5,58.75,87.49999999999999,True,Isocortex
SSp-n,4,17,75.0,61.25,84.99999999999999,True,Isocortex
ACAv,13,102,75.00000000000001,60.00000000000001,105.00000000000001,True,Isocortex
VISam,20,154,75.00000000000001,60.0,111.25,True,Isocortex
ACAd,23,171,84.99999999999999,65.0,107.5,True,Isocortex
AId,9,88,84.99999999999999,75.00000000000001,105.0,True,Isocortex
GU,3,29,84.99999999999999,75.0,90.0,True,Isocortex
ORBvl,9,201,84.99999999999999,75.0,95.0,True,Isocortex
SSs,13,119,84.99999999999999,75.00000000000001,95.0,True,Isocortex
VISp,40,286,84.99999999999999,60.0,114.99999999999999,True,Isocortex
VISpm,9,68,85.0,84.99999999999999,105.00000000000001,True,Isocortex
VISrl,4,31,90.0,68.75,111.25,True,Isocortex
VISli,6,44,92.5,76.25000000000001,112.5,True,Isocortex
AIv,6,45,95.0,62.5,105.00000000000001,True,Isocortex
ECT,6,28,95.0,72.5,102.50000000000001,True,Isocortex
MOp,33,666,95.0,70.0,114.99999999999999,True,Isocortex
ORBm,9,120,95.0,55.0,110.0,True,Isocortex
RSPagl,19,124,95.0,65.0,114.99999999999999,True,Isocortex
VISC,5,9,95.0,45.00000000000001,105.00000000000001,True,Isocortex
VISa,41,372,95.0,55.0,114.99999999999999,True,Isocortex
VISal,3,26,95.0,82.5,95.0,True,Isocortex
MOs,41,481,99.99999999999999,84.99999999999999,114.99999999999999,True,Isocortex
PL,18,185,100.0,75.0,118.75,True,Isocortex
VISpor,4,37,100.0,85.0,110.00000000000001,True,Isocortex
ORBl,7,78,105.0,75.00000000000001,105.00000000000001,True,Isocortex
RSPd,25,104,105.00000000000001,65.0,125.0,True,Isocortex
RSPv,27,215,105.00000000000001,84.99999999999999,117.5,True,Isocortex
SSp-bfd,25,197,105.00000000000001,75.00000000000001,115.0,True,Isocortex
VISpl,6,39,105.00000000000001,105.00000000000001,120.0,True,Isocortex
ILA,10,118,110.0,60.0,122.5,True,Isocortex
PERI,2,4,110.0,97.49999999999999,122.5,False,Isocortex
AIp,6,29,112.5,98.75,114.99999999999999,True,Isocortex
FRP,9,22,114.99999999999999,75.00000000000001,125.0,True,Isocortex
SSp-ul,9,64,115.0,105.0,125.0,True,Isocortex
SSp-ll,8,58,117.5,112.5,121.25,True,Isocortex
SSp-tr,13,109,120.0,105.00000000000001,125.0,True,Isocortex
SSp-un,3,18,125.0,120.0,130.0,True,Isocortex
MOB,2,30,55.0,50.0,60.0,True,Olfactory areas
PIR,26,233,75.0,60.0,90.0,True,Olfactory areas
PAA,3,24,75.00000000000001,70.0,80.0,True,Olfactory areas
TTd,10,104,77.5,57.5,95.0,True,Olfactory areas
COAp,11,44,80.0,70.0,110.0,True,Olfactory areas
DP,13,123,80.0,40.0,100.0,True,Olfactory areas
AON,14,165,84.99999999999999,75.00000000000001,93.75,True,Olfactory areas
TR,4,10,97.5,72.50000000000001,120.0,True,Olfactory areas
COAa,1,8,110.0,110.0,110.0,False,Olfactory areas
IG,1,2,10.0,10.0,10.0,False,Hippocampal formation
PAR,8,69,77.5,62.5,86.25,True,Hippocampal formation
APr,3,5,84.99999999999999,49.99999999999999,95.0,True,Hippocampal formation
ProS,20,160,84.99999999999999,65.0,111.25,True,Hippocampal formation
ENTl,19,187,85.0,80.0,110.0,True,Hippocampal formation
PRE,4,49,85.0,57.5,101.25,True,Hippocampal formation
DG,90,422,87.5,55.0,120.0,True,Hippocampal formation
CA1,121,750,95.0,55.0,125.0,True,Hippocampal formation
ENTm,13,321,105.0,75.00000000000001,115.0,True,Hippocampal formation
HATA,5,15,105.0,84.99999999999999,110.0,True,Hippocampal formation
CA3,63,376,105.00000000000001,75.00000000000001,117.5,True,Hippocampal formation
POST,17,73,105.00000000000001,95.0,120.0,True,Hippocampal formation
SUB,31,342,105.00000000000001,82.5,125.0,True,Hippocampal formation
CA2,10,14,110.0,86.25,114.99999999999999,True,Hippocampal formation
FC,3,7,135.0,130.0,135.0,True,Hippocampal formation
BLA,11,38,75.00000000000001,52.5,100.0,True,Cortical subplate
PA,8,56,77.5,75.00000000000001,92.50000000000001,True,Cortical subplate
BMA,11,70,84.99999999999999,60.0,92.5,True,Cortical subplate
LA,6,18,87.5,84.99999999999999,108.74999999999999,True,Cortical subplate
EPd,10,74,90.0,73.75,121.25,True,Cortical subplate
EPv,9,57,95.0,95.0,115.0,True,Cortical subplate
CLA,2,13,102.5,96.25,108.74999999999999,True,Cortical subplate
AAA,3,9,50.00000000000001,37.5,75.0,True,Cerebral nuclei
OT,10,45,67.5,65.0,84.99999999999999,True,Cerebral nuclei
LSv,14,83,70.0,57.50000000000001,100.0,True,Cerebral nuclei
TRS,6,23,70.0,57.5,112.5,True,Cerebral nuclei
ACB,20,152,75.00000000000001,65.0,86.24999999999999,True,Cerebral nuclei
MA,5,28,75.00000000000001,65.0,75.00000000000001,True,Cerebral nuclei
MEA,11,79,75.00000000000001,67.5,107.5,True,Cerebral nuclei
SF,7,44,75.00000000000001,52.5,107.5,True,Cerebral nuclei
CEA,10,38,80.0,71.25,96.25,True,Cerebral nuclei
LSr,28,481,80.0,60.0,97.5,True,Cerebral nuclei
SI,22,131,84.99999999999999,75.00000000000001,102.50000000000001,True,Cerebral nuclei
BST,13,95,95.0,80.0,114.99999999999999,True,Cerebral nuclei
CP,71,1079,95.0,77.5,107.5,True,Cerebral nuclei
LSc,9,39,100.0,65.0,114.99999999999999,True,Cerebral nuclei
GPi,4,24,105.0,82.5,120.0,True,Cerebral nuclei
IA,2,9,107.5,106.25000000000001,108.75,True,Cerebral nuclei
FS,4,21,110.0,85.0,125.0,True,Cerebral nuclei
NDB,5,21,114.99999999999999,70.0,114.99999999999999,True,Cerebral nuclei
GPe,11,124,115.0,92.5,125.0,True,Cerebral nuclei
MS,4,63,122.5,116.25,125.0,True,Cerebral nuclei
RH,1,3,55.0,55.0,55.0,False,Thalamus
SGN,7,44,55.0,35.0,57.5,True,Thalamus
PT,1,2,55.00000000000001,55.00000000000001,55.00000000000001,False,Thalamus
MG,16,117,57.5,45.0,71.25,True,Thalamus
VPLpc,8,38,57.5,46.25,110.0,True,Thalamus
LGv,7,23,60.0,37.5,90.0,True,Thalamus
PoT,16,93,60.0,42.5,75.00000000000001,True,Thalamus
PF,7,101,65.0,60.0,84.99999999999999,True,Thalamus
RE,3,3,65.0,65.0,85.0,False,Thalamus
LGd,21,135,70.0,65.0,105.00000000000001,True,Thalamus
VPMpc,9,27,70.0,40.0,90.0,True,Thalamus
PCN,6,39,75.0,61.25,100.0,True,Thalamus
LH,9,36,75.00000000000001,59.99999999999999,125.0,True,Thalamus
LP,67,565,75.00000000000001,62.5,105.00000000000001,True,Thalamus
PO,46,689,75.00000000000001,51.25,85.0,True,Thalamus
RT,19,189,75.00000000000001,65.0,112.5,True,Thalamus
SPA,3,12,75.00000000000001,70.0,77.5,True,Thalamus
PVT,7,36,80.0,75.0,100.0,True,Thalamus
POL,14,71,84.99999999999999,56.25,98.75,True,Thalamus
VPM,37,440,84.99999999999999,65.0,105.00000000000001,True,Thalamus
Eth,14,138,85.0,65.0,103.75000000000001,True,Thalamus
MD,17,281,90.0,80.0,95.0,True,Thalamus
CL,4,16,90.00000000000001,70.00000000000001,110.00000000000001,True,Thalamus
AV,7,63,95.0,80.0,100.0,True,Thalamus
IAM,1,5,95.0,95.0,95.0,False,Thalamus
PIL,3,6,95.0,62.5,105.0,True,Thalamus
PP,3,9,100.0,100.0,112.5,True,Thalamus
VAL,10,103,100.0,70.0,125.0,True,Thalamus
PR,3,8,105.0,85.0,115.0,True,Thalamus
CM,6,36,105.00000000000001,86.25,112.5,True,Thalamus
IGL,1,3,105.00000000000001,105.00000000000001,105.00000000000001,False,Thalamus
IntG,1,5,105.00000000000001,105.00000000000001,105.00000000000001,False,Thalamus
LD,18,154,105.00000000000001,87.49999999999999,113.74999999999999,True,Thalamus
MH,7,18,105.00000000000001,77.5,120.0,True,Thalamus
SMT,5,67,105.00000000000001,105.00000000000001,114.99999999999999,True,Thalamus
SPF,12,30,105.00000000000001,84.99999999999999,114.99999999999999,True,Thalamus
VM,13,55,105.00000000000001,75.00000000000001,114.99999999999999,True,Thalamus
AM,4,28,110.0,103.75000000000001,117.49999999999999,True,Thalamus
IAD,2,4,110.0,97.49999999999999,122.5,False,Thalamus
VPL,21,185,114.99999999999999,90.0,114.99999999999999,True,Thalamus
AD,3,4,130.0,122.5,132.5,False,Thalamus
IMD,1,1,135.0,135.0,135.0,False,Thalamus
MPN,1,2,25.0,25.0,25.0,False,Hypothalamus
ADP,1,2,44.99999999999999,44.99999999999999,44.99999999999999,False,Hypothalamus
PVH,1,4,60.0,60.0,60.0,False,Hypothalamus
MM,1,1,65.0,65.0,65.0,False,Hypothalamus
PVHd,1,2,70.0,70.0,70.0,False,Hypothalamus
PS,2,8,75.0,75.0,75.0,True,Hypothalamus
LM,1,6,80.0,80.0,80.0,False,Hypothalamus
SUM,2,6,80.0,72.5,87.5,True,Hypothalamus
STN,3,3,84.99999999999999,84.99999999999999,95.0,False,Hypothalamus
LHA,13,68,90.0,75.00000000000001,105.00000000000001,True,Hypothalamus
ZI,39,199,95.0,55.0,114.99999999999999,True,Hypothalamus
PH,6,7,100.0,57.5,105.00000000000001,True,Hypothalamus
TU,1,2,100.0,100.0,100.0,False,Hypothalamus
PeF,2,12,105.0,100.0,109.99999999999999,True,Hypothalamus
DMH,1,5,105.00000000000001,105.00000000000001,105.00000000000001,False,Hypothalamus
AHN,2,4,110.0,97.49999999999999,122.5,False,Hypothalamus
MPO,3,12,114.99999999999999,92.5,120.0,True,Hypothalamus
PMd,1,1,114.99999999999999,114.99999999999999,114.99999999999999,False,Hypothalamus
PSTN,1,2,120.0,120.0,120.0,False,Hypothalamus
AVP,2,3,122.5,121.25,123.75,False,Hypothalamus
LPO,3,42,125.0,120.0,130.0,True,Hypothalamus
IC,21,201,40.0,25.0,95.0,True,Midbrain
CUN,10,43,50.0,37.5,90.0,True,Midbrain
SAG,4,23,50.0,41.25,70.0,True,Midbrain
NB,3,13,55.0,50.0,55.0,True,Midbrain
NOT,18,34,70.0,65.0,107.49999999999999,True,Midbrain
PPT,11,35,70.0,57.5,105.00000000000001,True,Midbrain
DT,2,3,72.5,61.25,83.75,False,Midbrain
SCs,17,69,75.00000000000001,65.0,84.99999999999999,True,Midbrain
III,3,4,84.99999999999999,80.0,110.0,False,Midbrain
OP,5,15,84.99999999999999,80.0,105.00000000000001,True,Midbrain
VTA,5,8,84.99999999999999,65.0,105.00000000000001,True,Midbrain
SNc,5,24,90.00000000000001,70.0,95.0,True,Midbrain
APN,58,681,95.0,76.25,110.0,True,Midbrain
MRN,121,1211,95.0,75.00000000000001,114.99999999999999,True,Midbrain
PAG,43,319,95.0,62.5,114.99999999999999,True,Midbrain
SCm,65,715,95.0,75.0,110.0,True,Midbrain
DR,2,19,100.0,82.5,117.5,True,Midbrain
NPC,10,45,100.0,91.25,113.74999999999999,True,Midbrain
RN,20,151,100.0,72.50000000000001,114.99999999999999,True,Midbrain
PPN,18,151,102.5,65.0,105.00000000000001,True,Midbrain
RPF,4,19,105.0,86.25000000000001,121.25,True,Midbrain
SNr,15,83,105.0,75.00000000000001,114.99999999999999,True,Midbrain
CLI,6,54,105.00000000000001,60.0,123.75,True,Midbrain
RR,5,25,110.0,90.00000000000001,110.0,True,Midbrain
VTN,2,3,115.0,110.0,120.0,False,Midbrain
IPN,1,1,125.0,125.0,125.0,False,Midbrain
PBG,2,5,125.0,119.99999999999999,130.0,True,Midbrain
RL,1,9,125.0,125.0,125.0,False,Midbrain
AT,1,4,130.0,130.0,130.0,False,Midbrain
IF,1,4,135.0,135.0,135.0,False,Midbrain
Pa4,1,1,135.0,135.0,135.0,False,Midbrain
DTN,1,6,20.0,20.0,20.0,False,Hindbrain
PDTg,1,4,20.0,20.0,20.0,False,Hindbrain
PRNc,10,157,55.0,42.5,79.99999999999999,True,Hindbrain
NLL,7,43,59.99999999999999,55.0,102.5,True,Hindbrain
AP,1,1,65.0,65.0,65.0,False,Hindbrain
Pa5,1,2,70.0,70.0,70.0,False,Hindbrain
SOC,7,15,70.0,35.0,77.5,True,Hindbrain
SUT,10,34,72.5,60.0,112.5,True,Hindbrain
PARN,20,164,75.0,55.0,101.25,True,Hindbrain
PC5,2,7,75.0,65.0,85.0,True,Hindbrain
VCO,4,73,75.0,47.5,97.5,True,Hindbrain
DCO,12,159,75.00000000000001,35.0,91.25,True,Hindbrain
NI,5,13,75.00000000000001,20.0,95.0,True,Hindbrain
ICB,5,19,80.0,75.00000000000001,114.99999999999999,True,Hindbrain
IRN,27,307,80.0,57.5,110.0,True,Hindbrain
TRN,10,97,82.5,57.5,112.5,True,Hindbrain
P5,3,12,85.0,60.0,100.0,True,Hindbrain
ECU,2,3,87.5,76.25,98.75,False,Hindbrain
I5,4,24,90.0,42.5,125.0,True,Hindbrain
PB,24,125,90.0,58.75,105.00000000000001,True,Hindbrain
PCG,6,32,92.5,40.0,107.5,True,Hindbrain
PRNr,22,297,92.5,75.00000000000001,114.99999999999999,True,Hindbrain
CS,9,169,95.0,70.0,114.99999999999999,True,Hindbrain
LRN,3,8,95.0,80.0,115.0,True,Hindbrain
MV,19,289,95.0,60.0,117.5,True,Hindbrain
NTS,17,49,95.0,75.0,114.99999999999999,True,Hindbrain
VII,5,22,95.0,95.0,125.0,True,Hindbrain
PSV,7,48,99.99999999999999,92.5,127.5,True,Hindbrain
PGRN,10,58,102.5,95.0,110.0,True,Hindbrain
MARN,4,54,105.0,93.75,119.99999999999999,True,Hindbrain
x,4,10,105.0,95.0,117.49999999999999,True,Hindbrain
GRN,15,321,105.00000000000001,84.99999999999999,120.0,True,Hindbrain
SPVI,11,95,105.00000000000001,65.0,117.5,True,Hindbrain
SPVO,8,49,105.00000000000001,101.25000000000001,125.0,True,Hindbrain
SUV,12,109,107.5,72.50000000000001,125.0,True,Hindbrain
AMB,2,2,110.0,102.5,117.5,False,Hindbrain
GR,1,2,110.0,110.0,110.0,False,Hindbrain
PRP,4,13,110.0,102.50000000000001,114.99999999999999,True,Hindbrain
y,1,2,110.0,110.0,110.0,False,Hindbrain
LDT,2,20,112.5,111.25,113.74999999999999,True,Hindbrain
CU,3,5,114.99999999999999,99.99999999999999,120.0,True,Hindbrain
SPIV,16,121,114.99999999999999,93.75,125.0,True,Hindbrain
SPVC,4,13,115.0,102.50000000000001,125.0,True,Hindbrain
V,8,45,115.0,93.75,127.5,True,Hindbrain
PG,1,2,120.0,120.0,120.0,False,Hindbrain
LAV,10,68,122.5,90.0,128.75,True,Hindbrain
MDRN,8,28,122.5,95.00000000000001,125.0,True,Hindbrain
IO,1,1,125.0,125.0,125.0,False,Hindbrain
XII,1,5,125.0,125.0,125.0,False,Hindbrain
LIN,1,2,130.0,130.0,130.0,False,Hindbrain
DMX,1,1,135.0,135.0,135.0,False,Hindbrain
ANcr2,16,232,65.0,55.0,85.0,True,Cerebellum
CENT3,23,246,75.00000000000001,25.0,110.0,True,Cerebellum
DN,9,115,75.00000000000001,60.0,95.0,True,Cerebellum
SIM,20,389,75.00000000000001,65.0,111.25,True,Cerebellum
FL,3,19,80.0,77.5,82.5,True,Cerebellum
ANcr1,9,202,84.99999999999999,65.0,110.0,True,Cerebellum
CUL4 5,28,486,87.5,45.0,107.5,True,Cerebellum
PRM,16,189,87.5,73.75,111.25,True,Cerebellum
LING,4,15,92.5,78.75,107.5,True,Cerebellum
NOD,8,69,95.0,78.75,125.0,True,Cerebellum
IP,25,305,100.0,65.0,120.0,True,Cerebellum
CENT2,13,202,105.00000000000001,55.0,125.0,True,Cerebellum
DEC,5,81,105.00000000000001,84.99999999999999,114.99999999999999,True,Cerebellum
COPY,12,123,110.0,70.0,117.49999999999999,True,Cerebellum
PYR,4,64,112.5,105.00000000000001,121.25,True,Cerebellum
UVU,6,60,112.5,98.75,122.5,True,Cerebellum
FN,3,35,114.99999999999999,110.0,125.0,True,Cerebellum
FOTU,5,41,114.99999999999999,114.99999999999999,125.0,True,Cerebellum
VeCB,5,34,114.99999999999999,100.0,114.99999999999999,True,Cerebellum
PFL,6,68,117.5,107.5,123.75,True,Cerebellum
